large%3:00:00::	0.000357189143681657
new%3:00:00::	0.000294651739162368
good%5:00:00:righteous:00	0.000281601109912946
single%5:00:00:unshared:00	0.0002316653
national%3:01:00::	0.0000767673
small%3:00:00::	0.00007024082849615
afraid%3:00:00::	0.000061126
real%3:00:00::	0.0000558183
aware%3:00:04::	0.0000519703
old%3:00:02::	0.000044967454687232
tall%3:00:00::	0.000032513618607497
civilian%3:00:00::	0.0000303249
available%3:00:00::	0.0000297738
cultural%3:01:01::	0.0000241325
awake%3:00:00::	0.000021115
long%3:00:02::	0.000018206800845765
long%3:00:01::	0.000018206800845765
different%3:00:02::	0.000015488704410718
difficult%3:00:00::	0.000014557077188644
maximum%3:00:00::	0.0000116489
marine%3:01:00::	0.0000113058
main%5:00:00:important:00	0.0000089133
federal%3:00:00::	0.000008223
political%3:00:00::	0.000008193609806688
international%3:00:00::	0.00000787050167541
minimum%3:00:00::	0.0000074725
hard%3:00:01::	0.000007094925664974
ordinary%3:00:00::	0.000005904706109562
common%3:00:01::	0.000005904706109562
right%3:00:02::	0.0000054963655536
common%5:00:00:shared:00	0.000004521797605514
present%3:00:01::	0.000004385829570738
current%3:00:00::	0.000004202145836378
common%3:00:02::	0.000004098216596306
early%3:00:00::	0.000004052080203319
certain%3:00:02::	0.000003387883777432
full%3:00:00::	0.000003384293166375
short%3:00:02::	0.000003046600324761
general%3:00:00::	0.00000300591808918
ample%5:00:00:large:00	0.000002971608036606
short%3:00:01::	0.000002808857400741
tasty%3:00:00::	0.000002436192147337
open%3:00:07::	0.0000023275599318
beautiful%3:00:00::	0.000002007065488791
ready%3:00:00::	0.000001847025832848
finished%3:00:01::	0.000001847025832848
light%3:00:01::	0.000001765877326134
content%3:00:00::	0.00000167661940644
interesting%3:00:00::	0.000001648005501951
funny%5:00:00:humorous:00	0.00000156678527205
safe%3:00:01::	0.000001421986516321
central%3:00:01::	0.000001367695308672
clean%3:00:01::	0.00000128628224028
expensive%3:00:00::	0.000001131669810901
heavy%3:00:01::	0.000001127197323952
normal%3:00:01::	0.000000975005425576
bad%5:00:00:evil:00	0.000000957216648846
traditional%3:00:00::	0.00000094336432805
low%3:00:01::	0.000000893080179402
cold%3:00:01::	0.000000856825658952
cold%3:00:02::	0.000000850262725818
cheap%3:00:00::	0.000000843123760028
personal%3:00:00::	0.00000075239031663
careful%3:00:00::	0.000000695129388132
effective%3:00:00::	0.000000638502126444
deep%3:00:01::	0.000000600689659552
sick%3:00:01::	0.00000056962995219
intense%3:00:00::	0.000000569165622894
financial%3:01:00::	0.000000564533194429
accurate%3:00:00::	0.0000005309704703
necessary%3:00:00::	0.000000524389645146
perfect%3:00:00::	0.000000515498099193
impossible%3:00:00::	0.00000050879036736
dangerous%3:00:00::	0.000000501314058743
fresh%3:00:01::	0.000000486474434625
soft%3:00:01::	0.00000048054631461
powerful%3:00:00::	0.00000044286749412
active%3:00:01::	0.000000432302880128
direct%3:00:00::	0.000000376811870094
soft%3:00:04::	0.000000362703410835
complete%3:00:00::	0.000000315511473375
rich%3:00:00::	0.000000297338099007
popular%3:00:00::	0.000000279232349916
hot%3:00:01::	0.000000278171343958
dark%3:00:01::	0.000000266572982026
absolute%3:00:00::	0.000000257867458932
indigenous%5:00:00:native:01	0.000000245400351566
democratic%3:00:00::	0.000000226967986941
independent%3:00:00::	0.000000198145150489
slow%3:00:01::	0.000000192353994686
sweet%3:00:02::	0.00000018787403544
kind%3:00:00::	0.000000182663422528
typical%3:00:00::	0.000000180643304704
scientific%3:00:00::	0.000000162246303295
critical%3:00:01::	0.000000160228422712
critical%3:00:03::	0.000000160228422712
conscious%3:00:00::	0.000000155268027389
young%5:00:01:young:00	0.000000153917670214
religious%3:00:00::	0.000000151006769154
obvious%3:00:00::	0.000000149415823452
decisive%3:00:00::	0.000000143317713376
wise%3:00:00::	0.000000132692166784
concrete%3:00:00::	0.000000129524689806
spontaneous%3:00:00::	0.000000128899974378
addicted%3:00:00::	0.00000011905555328
dry%3:00:01::	0.000000115348535995
proud%3:00:00::	0.000000105633175296
stable%3:00:00::	0.000000097934346185
thick%3:00:01::	0.000000094889634202
commercial%3:00:00::	0.000000093240802849
loud%3:00:00::	0.00000009238788608
tired%3:00:00::	0.000000089808465852
convenient%3:00:00::	0.000000087982316862
wild%3:00:01::	0.0000000876525936
aggressive%3:00:00::	0.00000007786914586
artistic%3:01:00::	0.000000074643180568
illegal%3:00:00::	0.000000074344093032
frequent%3:00:00::	0.000000069441170616
responsible%3:00:00::	0.000000065188626612
sexual%3:00:00::	0.0000000639639772
eternal%5:00:00:permanent:00	0.000000061250039908
written%3:00:00::	0.000000058408210916
nice%3:00:00::	0.000000056068781164
cruel%5:00:01:inhumane:00	0.000000054822208394
permanent%3:00:00::	0.00000005422219209
dependent%3:00:00::	0.0000000542
skilled%3:00:00::	0.00000005144012628
brown%5:00:00:chromatic:00	0.0000000513825312
practical%3:00:00::	0.00000005086812318
incredible%3:00:00::	0.000000049028859858
nervous%5:00:00:excitable:00	0.000000048406402236
academic%3:01:00::	0.000000046339528808
narrow%3:00:00::	0.000000044777729922
anonymous%3:00:00::	0.000000044478370788
digital%3:01:01::	0.000000042795002448
angry%3:00:00::	0.0000000426944079
regular%3:00:00::	0.00000004267043156
brave%3:00:00::	0.000000042468008873
relative%3:00:00::	0.000000039063200593
successful%3:00:00::	0.000000037416794496
mature%3:00:06::	0.000000037366923396
quiet%3:00:02::	0.00000003691704436
round%3:00:00::	0.000000033978367925
definite%3:00:00::	0.000000032513846556
legal%3:00:00::	0.000000030418701614
blonde%3:00:00::	0.000000030271377824
bitter%5:00:00:resentful:00	0.000000029422847589
busy%3:00:00::	0.000000028960747604
abundant%3:00:00::	0.000000028367541456
grateful%3:00:00::	0.000000028260304888
close%3:00:02::	0.000000027616150456
original%3:00:00::	0.000000025972997545
bold%3:00:00::	0.000000024676580146
extraordinary%3:00:00::	0.000000024288378816
left%3:00:02::	0.000000022940118892
competent%3:00:00::	0.00000002235007775
innocent%3:00:00::	0.000000022336531367
judicial%3:01:00::	0.000000022223323215
conservative%3:00:00::	0.000000021352666176
fat%3:00:01::	0.000000021186637598
adequate%3:00:00::	0.000000021036992028
automatic%3:00:00::	0.000000020901828712
familiar%3:00:00::	0.000000020712078452
temporary%3:00:00::	0.000000019464355216
impressive%3:00:00::	0.000000019340535344
shallow%3:00:01::	0.000000019011718436
acute%3:00:00::	0.000000018880310725
blind%3:00:00::	0.00000001871762488
bloody%3:00:00::	0.000000018467586574
quiet%3:00:01::	0.000000017627998641
dirty%3:00:01::	0.000000017425179365
universal%5:00:00:comprehensive:00	0.000000017263680984
cool%3:00:01::	0.00000001721768976
closed%3:00:04::	0.000000017050265442
talented%3:00:00::	0.000000016756357932
bitter%5:00:00:tasty:00	0.000000016417856228
thin%3:00:03::	0.000000015740343512
invisible%3:00:00::	0.000000014995508556
thick%3:00:02::	0.000000014859622976
informal%3:00:01::	0.000000014720757123
inadequate%3:00:00::	0.00000001440516891
primary%3:00:00::	0.000000013755387211
monstrous%5:00:00:ugly:00	0.000000012975145365
ambitious%3:00:00::	0.00000001270372628
systematic%3:00:00::	0.000000012607142268
acceptable%3:00:00::	0.000000012271223778
critical%5:00:00:indispensable:00	0.000000011910323488
pregnant%3:00:00::	0.000000011783300784
parallel%3:00:00::	0.000000011597779947
loyal%3:00:00::	0.00000000979452444
optimistic%3:00:00::	0.000000009052945099
established%3:00:00::	0.000000008948816949
diplomatic%3:00:00::	0.000000008931564752
passive%3:00:01::	0.000000008716291576
exotic%5:00:00:foreign:01	0.000000008103785599
complex%3:00:00::	0.00000000799176897
functional%3:00:00::	0.000000007506187442
likely%3:00:04::	0.000000007004660936
feminine%3:00:04::	0.000000006861378945
constructive%3:00:00::	0.000000006817914204
become%2:42:01::	0.0030155421
say%2:32:00::	0.00035449833630081
leave%2:40:01::	0.0002630287
lead%2:41:00::	0.0002519705
work%2:41:00::	0.0002070755
think%2:31:01::	0.000189341503550082
miss%2:42:00::	0.0001489318
see%2:39:00::	0.000144268038041015
go%2:30:00::	0.0001255438
resemble%2:42:00::	0.0001039568
know%2:31:00::	0.00009970549787297
know%2:31:03::	0.000097647260765271
rise%2:38:05::	0.0000934557
demolish%2:36:00::	0.0000459576
tell%2:32:01::	0.000044672582260488
need%2:34:00::	0.000039348140567208
begin%2:30:01::	0.000038050229480332
take%2:31:01::	0.000035115628122341
impress%2:37:00::	0.0000335831
play%2:36:10::	0.000032454151814364
chase%2:38:00::	0.0000288926
cooperate%2:41:00::	0.0000285556
feel%2:37:00::	0.0000273158509239
write%2:32:00::	0.000024178610103141
get%2:40:00::	0.000023901930747268
play%2:33:00::	0.000021859090756776
increase%2:30:00::	0.000020645123680697
try%2:41:00::	0.000016245169802688
think%2:31:00::	0.00001581488965922
construct%2:36:01::	0.000015791449410867
keep%2:40:00::	0.000015326639654524
want%2:37:00::	0.000014319308229803
walk%2:38:00::	0.000013828229035248
pay%2:40:00::	0.00001278773850453
make%2:36:01::	0.000012666885700348
follow%2:38:00::	0.00001232492881032
buy%2:40:00::	0.0000115063890992
demonstrate%2:41:00::	0.0000114606
give%2:40:06::	0.000011401636535109
import%2:40:00::	0.0000113867
utter%2:32:02::	0.0000110178
happen%2:30:00::	0.000010783299573828
link%2:35:00::	0.00001068
balance%2:42:00::	0.0000105467
look%2:39:01::	0.000010473246853152
read%2:31:00::	0.000010467676869975
play%2:36:12::	0.000009854923655976
hear%2:39:00::	0.000009290071767795
answer%2:32:00::	0.000009115495955036
comfort%2:37:01::	0.0000085806
ride%2:38:00::	0.000008328086546373
decide%2:31:00::	0.00000741053054115
move%2:38:02::	0.000006700798821275
call%2:32:02::	0.000006393734036135
bleed%2:29:00::	0.0000062895
sell%2:40:00::	0.000006057255438552
shave%2:29:00::	0.0000059362
back%2:41:01::	0.000005821051852094
rise%2:30:00::	0.000005681176591842
rise%2:38:00::	0.000005681176591842
deprive%2:40:00::	0.000005233
introduce%2:38:00::	0.000004241000768904
participate%2:41:00::	0.00000423654559281
update%2:32:00::	0.0000041085
obscure%2:39:00::	0.0000039709
stay%2:38:00::	0.000003680316252444
eat%2:34:00::	0.000003658942312344
start%2:38:02::	0.000003658306870736
confine%2:41:00::	0.0000035849
last%2:42:00::	0.000003440482573644
seek%2:35:00::	0.000003342734180109
tap%2:34:00::	0.0000032488
request%2:32:01::	0.00000319333416806
find%2:36:00::	0.000003076169396106
see%2:38:00::	0.00000307279216202
fill%2:30:01::	0.0000030467181472
talk%2:32:03::	0.00000299150703245
decrease%2:30:01::	0.000002987243877898
treat%2:29:00::	0.000002978530159407
open%2:35:00::	0.00000287937826232
call%2:32:01::	0.00000280724972815
cover%2:32:01::	0.000002802693056218
plan%2:31:00::	0.000002682695398768
approve%2:32:00::	0.000002556551396448
wake%2:29:01::	0.000002415420782664
treat%2:41:00::	0.000002210189156098
mislead%2:32:00::	0.0000021604
miss%2:37:00::	0.00000200927504915
jump%2:38:00::	0.00000198292899786
remember%2:31:09::	0.000001961663619629
publish%2:32:00::	0.00000192008979448
introduce%2:32:00::	0.00000191326022258
lose%2:33:00::	0.000001901225146077
perform%2:36:01::	0.000001874018277408
mention%2:32:00::	0.000001746427489792
discuss%2:32:00::	0.00000173320997345
hit%2:35:01::	0.00000173242855978
explain%2:32:00::	0.000001718374533822
arrange%2:31:00::	0.00000161849577708
meet%2:41:00::	0.000001475721934269
make%2:40:01::	0.000001463048908912
ensure%2:32:00::	0.000001416454600024
wait%2:42:00::	0.000001401871494748
force%2:41:00::	0.000001388916267648
improve%2:30:01::	0.000001386968985878
beat%2:35:00::	0.00000131368351488
turn%2:38:00::	0.00000130057540668
include%2:42:00::	0.000001281417147715
suggest%2:32:00::	0.00000127960147364
listen%2:39:00::	0.000001272752962228
close%2:35:00::	0.000001215568693476
take%2:38:10::	0.000001215520631919
see%2:31:01::	0.000001206364080327
vote%2:41:13::	0.000001197658651832
disappear%2:30:00::	0.000001195465498486
forget%2:31:00::	0.00000117994317446
run%2:38:00::	0.000001133790203924
compare%2:31:00::	0.00000111407967936
put%2:35:00::	0.000001085161392394
threaten%2:32:00::	0.00000102969838856
avoid%2:32:00::	0.000001028410783212
replace%2:30:00::	0.000000945411342928
sing%2:36:00::	0.00000094425793974
notice%2:39:00::	0.000000943636126811
transform%2:30:03::	0.000000916255400984
prove%2:31:00::	0.00000084901456962
stop%2:38:00::	0.000000752652716328
dare%2:41:01::	0.00000073502294859
think%2:31:02::	0.00000073404649528
allow%2:32:00::	0.000000721448558976
resist%2:41:00::	0.00000069995592566
forbid%2:32:00::	0.0000006820272459
suffer%2:39:00::	0.000000670621341366
stir%2:38:01::	0.0000006705775892
agree%2:42:00::	0.000000644160500068
press%2:35:00::	0.00000062330740252
protect%2:33:00::	0.000000578957256696
swallow%2:31:00::	0.000000564206120923
drink%2:34:00::	0.000000548036707728
pass%2:38:03::	0.000000547683713577
correspond%2:32:00::	0.0000005416
stand%2:35:00::	0.000000534145662153
send%2:32:00::	0.0000005130762651
stop%2:42:00::	0.000000509384805761
concentrate%2:31:00::	0.000000496602947709
show%2:39:02::	0.00000049244651344
limit%2:30:01::	0.00000048879678525
smile%2:29:00::	0.00000045806848655
leave%2:38:00::	0.000000437194394504
weigh%2:42:01::	0.0000004279181996
sow%2:35:00::	0.000000427452812268
fly%2:38:00::	0.000000414892253217
drop%2:38:01::	0.000000413177711454
approach%2:38:00::	0.00000040639664534
laugh%2:29:00::	0.00000040143435825
thank%2:32:00::	0.000000389084902108
insure%2:40:00::	0.000000381791758894
transfer%2:35:00::	0.000000371666445525
grow%2:30:04::	0.00000036316764516
measure%2:30:00::	0.000000357388482227
understand%2:31:00::	0.000000354367164645
finish%2:30:02::	0.000000352484370522
instal%2:35:00::	0.00000035218440838
export%2:40:00::	0.000000345736783607
deliver%2:35:00::	0.000000329684350776
stress%2:32:00::	0.000000323070477932
refuse%2:32:00::	0.00000029563292451
touch%2:35:00::	0.0000002909151976
relate%2:31:00::	0.000000274530888016
paint%2:36:01::	0.00000026070254352
paint%2:35:00::	0.00000026070254352
fear%2:37:00::	0.0000002537189992
draw%2:35:03::	0.00000024997935865
doubt%2:31:00::	0.0000002490892812
pour%2:38:03::	0.000000240988563207
catch%2:35:00::	0.000000237711537728
warn%2:32:00::	0.00000023674145616
seize%2:35:00::	0.00000022610694366
formulate%2:32:00::	0.000000222302015292
imagine%2:36:00::	0.000000222265377261
form%2:41:00::	0.000000222230490624
move%2:38:00::	0.00000021530590639
lend%2:40:00::	0.000000214604423908
borrow%2:40:00::	0.000000214604423908
encourage%2:32:00::	0.000000214531486072
fix%2:30:01::	0.000000213949536001
sit%2:35:00::	0.000000201041425104
consider%2:32:02::	0.00000019826688
burn%2:43:02::	0.000000197207671946
repeat%2:36:00::	0.000000189526340032
cancel%2:41:03::	0.000000185371749752
step%2:38:01::	0.000000184065452298
multiply%2:31:00::	0.000000181694472414
cover%2:35:00::	0.000000179765589278
set%2:30:00::	0.000000172439546284
undertake%2:41:01::	0.000000171947500536
develop%2:42:00::	0.000000166593250505
require%2:32:00::	0.000000159642907726
smoke%2:34:00::	0.000000158868025162
pray%2:32:00::	0.00000015305248554
year%1:28:01::	0.001110653626076576
country%1:14:00::	0.0005241807
day%1:28:00::	0.000155802526765197
youth%1:14:00::	0.0001063073
section%1:06:00::	0.000101959951987145
part%1:24:00::	0.000101959951987145
news%1:10:02::	0.0000873329
news%1:10:00::	0.0000873329
rest%1:24:00::	0.000080801
lot%1:23:00::	0.0000745157
face%1:08:00::	0.0000657245
percent%1:24:00::	0.000064606866665913
man%1:18:00::	0.00006242862325812
child%1:18:01::	0.000052449605833172
condition%1:26:00::	0.0000509653
city%1:15:00::	0.00003884288812266
woman%1:18:00::	0.00003567853222032
side%1:15:00::	0.000034111798972896
character%1:26:00::	0.0000340327
income%1:21:00::	0.0000330518
brain%1:18:00::	0.0000324621
brain%1:08:00::	0.0000324621
place%1:15:03::	0.000031733041982235
government%1:14:00::	0.000031512718035663
employment%1:26:00::	0.000031241866392357
flight%1:06:00::	0.0000272833
way%1:04:01::	0.000026100579046044
blue_jean%1:06:00::	0.0000227767
world%1:14:02::	0.000022433337024096
edge%1:06:00::	0.0000203223
life%1:26:02::	0.000020052053132462
case%1:11:00::	0.000016888375523617
cold%1:07:00::	0.0000166256
disadvantage%1:07:00::	0.0000156396
housing%1:06:00::	0.0000154564
discount%1:04:00::	0.0000151736
start%1:28:00::	0.00001507417436808
school%1:06:00::	0.000014940514780353
teenager%1:18:00::	0.0000149174
road%1:06:00::	0.000014257044738228
name%1:10:00::	0.000014103404605914
ground%1:17:00::	0.000013005453184171
car%1:06:00::	0.00001262144672931
offender%1:18:00::	0.0000125438
book%1:06:00::	0.000011700084992502
book%1:10:00::	0.000011700084992502
chance%1:26:00::	0.00001108364953692
person%1:03:00::	0.000010932663045549
hand%1:08:00::	0.00001045163609514
month%1:28:01::	0.000010320320349427
waste%1:27:00::	0.000010306
result%1:11:00::	0.000010121077447344
date%1:14:00::	0.0000100387
funeral%1:11:00::	0.0000099716
glasses%1:06:00::	0.0000099553
law%1:14:01::	0.0000095218562688
retirement%1:04:00::	0.0000092598
rebel%1:18:00::	0.0000092142
object%1:09:00::	0.000009201050709818
president%1:18:03::	0.000008997103242523
import%1:06:00::	0.0000087508
copyright%1:10:00::	0.0000087465
fluid%1:27:00::	0.0000087096
party%1:14:01::	0.000008664205321332
curtain%1:06:00::	0.0000085694
situation%1:26:00::	0.000008504499762873
way%1:04:00::	0.000008145884270856
hour%1:28:00::	0.000008141263962279
house%1:06:00::	0.00000813215556797
evening%1:28:00::	0.000008108004084994
price%1:07:00::	0.00000782663763744
summer%1:28:00::	0.000007755113110975
target%1:10:00::	0.000007684703798511
parent%1:18:00::	0.000007684204916376
goal%1:06:00::	0.000007574346706602
leaf%1:20:00::	0.0000074226
labour%1:14:00::	0.0000069111
cause%1:03:00::	0.000006898414700256
president%1:18:00::	0.000006838454067397
association%1:14:00::	0.000006831674543358
team%1:14:00::	0.000006675582976868
choice%1:09:02::	0.000006633216347056
speaker%1:06:00::	0.0000066308
word%1:10:01::	0.000006231900847256
word%1:10:00::	0.000006231900847256
program%1:10:01::	0.000005752913735232
program%1:09:00::	0.000005752913735232
program%1:10:02::	0.000005752913735232
competition%1:11:00::	0.00000574531994824
music%1:10:00::	0.000005561245797466
grounds%1:09:00::	0.000005337
organ%1:06:00::	0.0000053043
carriage%1:06:03::	0.0000050997
leader%1:18:00::	0.000004993165805625
fall%1:28:00::	0.000004821595734525
example%1:09:00::	0.000004692971462868
future%1:28:00::	0.000004632785275664
support%1:06:00::	0.00000457608443364
support%1:04:00::	0.00000457608443364
minute%1:28:00::	0.00000457059036368
leaflet%1:10:00::	0.0000045701
game%1:04:00::	0.000004553482177256
sheet%1:06:00::	0.0000045272
church%1:06:00::	0.00000449210814704
paper%1:10:03::	0.000004384982981412
selection%1:10:00::	0.000004222
night%1:28:00::	0.000004161243628626
development%1:22:01::	0.000004088029445916
elbow%1:08:00::	0.0000040414
cash%1:21:00::	0.0000040019
history%1:09:00::	0.000003962860409956
contact%1:04:02::	0.000003923498599097
contract%1:10:00::	0.000003915810457984
help%1:04:00::	0.000003838555297206
vote%1:04:00::	0.000003830786017764
report%1:10:03::	0.00000375509086243
marriage%1:04:00::	0.0000037423
excess%1:07:02::	0.0000036099
country%1:15:01::	0.000003555426304616
study%1:10:00::	0.000003544739591916
crown%1:06:01::	0.000003510573842292
space%1:25:00::	0.000003431
proposal%1:10:01::	0.000003319845421893
audience%1:14:00::	0.000003249597908451
head%1:08:00::	0.000003203659543628
shop%1:06:00::	0.000003191489678652
research%1:04:00::	0.000003118718836948
trustee%1:18:00::	0.0000031121
economy%1:14:00::	0.000003074511441568
victory%1:11:00::	0.00000305585032952
force%1:14:01::	0.000003016075570254
friend%1:18:02::	0.000003013998308775
border%1:15:00::	0.000002963239763055
morning%1:28:00::	0.00000294073208975
boy%1:18:00::	0.000002921267237548
ladder%1:06:00::	0.0000027536
incident%1:11:00::	0.000002685991219114
fiction%1:10:00::	0.0000026771
role%1:09:00::	0.000002649468110148
weather%1:19:00::	0.000002613213960654
issue%1:18:00::	0.0000026118
player%1:18:01::	0.000002602103589784
board%1:14:00::	0.000002548020893538
bank%1:14:00::	0.000002528357489098
spring%1:28:00::	0.000002527930702978
chapter%1:10:00::	0.000002510608753752
period%1:10:00::	0.000002477650254
point%1:25:02::	0.000002477650254
product%1:09:00::	0.000002474222801011
ratio%1:24:01::	0.000002447347776
flat%1:06:00::	0.0000023451038298
girl%1:18:02::	0.000002335854014973
father%1:18:00::	0.000002335497667425
answer%1:10:00::	0.000002286947198551
drop%1:17:00::	0.000002273
image%1:09:00::	0.000002244414883472
position%1:26:00::	0.000002204564936016
responsibility%1:04:00::	0.000002200000806553
volume%1:10:00::	0.000002180965437055
language%1:10:00::	0.000002159797791465
text%1:10:00::	0.000002132479399245
step%1:04:02::	0.000002113049463339
conversation%1:10:00::	0.00000206995124765
customer%1:18:00::	0.000002039956781995
commerce%1:04:00::	0.000002036528099606
trade%1:04:02::	0.000002036528099606
value%1:09:00::	0.000001990485337698
television%1:06:00::	0.000001990024797282
television%1:06:01::	0.0000019867833543
field%1:15:02::	0.0000019694062929
subject%1:10:00::	0.000001946098952674
battle%1:04:00::	0.00000192520841387
sun%1:28:00::	0.000001908953313014
coach%1:18:00::	0.000001835753195234
hardware%1:06:01::	0.0000018217
inhabitant%1:18:00::	0.00000182026891046
teacher%1:18:00::	0.000001811274816123
object%1:03:00::	0.000001792048300572
mother%1:18:00::	0.00000178490599984
use%1:07:00::	0.000001758404606543
parliament%1:14:00::	0.000001698549590892
attitude%1:09:00::	0.000001674363092067
march%1:28:00::	0.000001644775801422
project%1:04:00::	0.000001643907663568
squad%1:14:01::	0.000001631011440387
university%1:14:00::	0.000001597716328176
district%1:15:00::	0.000001597194447915
patient%1:18:00::	0.0000015945637183
film%1:06:01::	0.000001568768490083
relationship%1:26:00::	0.000001543555790656
act%1:03:00::	0.000001543037679
movement%1:14:00::	0.000001542170143008
model%1:18:00::	0.000001533632871367
doctor%1:18:00::	0.000001523009124572
trouble%1:11:00::	0.000001487203182572
environment%1:15:00::	0.000001477145954816
hospital%1:06:00::	0.000001474632457452
wildlife%1:14:00::	0.0000014297
loss%1:21:00::	0.000001422934161744
professor%1:18:00::	0.000001390632619788
negotiation%1:10:00::	0.000001355246731518
exhibition%1:14:00::	0.000001340013921918
radical%1:18:01::	0.0000013239
family%1:14:01::	0.000001318364702907
change%1:11:00::	0.000001270990367434
class%1:14:01::	0.000001245208625808
citizen%1:18:00::	0.000001219637911797
need%1:26:00::	0.000001219393151648
education%1:04:00::	0.00000120303063993
student%1:18:00::	0.000001190474699658
door%1:06:00::	0.000001185790241426
thought%1:09:00::	0.000001179864241202
dog%1:05:00::	0.000001173358096064
riot%1:04:01::	0.0000011709
ice%1:27:00::	0.000001167357683404
red%1:07:00::	0.0000011606
winter%1:28:00::	0.000001160425893432
room%1:06:00::	0.000001156790596566
writer%1:18:00::	0.00000115105230144
politician%1:18:00::	0.00000114529369596
treatment%1:10:00::	0.000001136950985456
disease%1:26:00::	0.000001136597378
half%1:23:00::	0.000001135627084584
building%1:06:00::	0.000001109909344092
mind%1:09:00::	0.00000109374054548
treatment%1:04:01::	0.00000108333796662
wife%1:18:00::	0.00000106521170723
idea%1:09:00::	0.000001054128136088
trainer%1:18:00::	0.000001049609629096
nature%1:18:00::	0.000001044611908674
background%1:09:00::	0.00000101489050722
problem%1:09:00::	0.00000100756296534
rule%1:10:02::	0.00000100083062079
rule%1:09:00::	0.00000100083062079
animal%1:03:00::	0.0000009788032881
theatre%1:10:00::	0.000000972223284504
risk%1:04:00::	0.00000095315730795
wage%1:21:00::	0.000000951550836928
art%1:04:00::	0.000000924616077894
resource%1:07:00::	0.000000915950293722
stage%1:28:00::	0.000000910118519219
dialogue%1:10:01::	0.000000899080832
love%1:09:00::	0.00000089147318216
radio%1:06:01::	0.000000888396754014
radio%1:06:00::	0.000000888396754014
age%1:07:00::	0.000000882611277936
owner%1:18:00::	0.000000880321898538
computer%1:06:00::	0.000000857549941872
tree%1:20:00::	0.000000839739019395
union%1:26:02::	0.000000839253247356
row%1:14:00::	0.00000083722616341
traffic%1:14:00::	0.00000083310734736
number%1:10:01::	0.00000083037108165
center%1:06:00::	0.000000830033498164
heart%1:08:00::	0.000000829111529718
sign%1:11:00::	0.000000828721020477
sign%1:10:05::	0.000000828721020477
worker%1:18:00::	0.000000826439799926
accident%1:11:01::	0.000000825846597899
island%1:17:00::	0.000000817684227965
rank%1:26:00::	0.000000816917852224
material%1:27:00::	0.00000079093607416
access%1:07:00::	0.00000077728227293
daughter%1:18:00::	0.00000077458735299
software%1:10:00::	0.000000769762155328
picture%1:06:01::	0.000000767257347788
lack%1:26:00::	0.000000766026969344
course%1:04:01::	0.00000076541434263
firm%1:14:00::	0.00000076461057216
offence%1:04:01::	0.000000761173647735
crime%1:04:00::	0.000000761173647735
factor%1:11:00::	0.000000759571089904
horse%1:05:00::	0.000000745385467433
horse%1:06:00::	0.000000745385467433
second%1:28:00::	0.00000074045659779
artist%1:18:00::	0.0000007396964575
council%1:14:01::	0.00000073634588511
assessment%1:04:00::	0.000000724690421504
quality%1:07:02::	0.000000721928097696
visit%1:04:02::	0.000000718844895286
body%1:08:02::	0.000000718773068664
museum%1:06:00::	0.00000071859187218
head%1:18:00::	0.000000717728778772
tea%1:13:00::	0.000000706096111136
institution%1:14:00::	0.000000696150700128
industry%1:04:00::	0.000000694990894568
rule%1:09:02::	0.00000068058114345
value%1:09:01::	0.000000671539807674
reality%1:26:01::	0.000000671112647928
game%1:04:01::	0.000000668988764344
afternoon%1:28:00::	0.000000667469978925
technique%1:09:01::	0.000000666616465946
sea%1:23:00::	0.00000066475283244
air%1:27:00::	0.000000660350798626
organisation%1:14:00::	0.000000643405301756
fall%1:11:00::	0.000000643111013844
doctor%1:18:01::	0.000000635738776868
world%1:17:01::	0.00000063302705014
number%1:07:00::	0.000000626792177066
net%1:06:01::	0.000000624450032805
beach%1:17:00::	0.00000062221456044
letter%1:10:00::	0.000000611421785556
concert%1:10:00::	0.0000006076317183
weapon%1:06:00::	0.000000604389745696
motif%1:06:00::	0.000000603721559952
crisis%1:26:00::	0.000000601248254774
article%1:10:00::	0.000000600675906816
state%1:15:01::	0.000000599120783868
peace%1:26:00::	0.000000587508964083
fact%1:10:01::	0.00000058009726805
illness%1:26:00::	0.00000057538684
king%1:18:00::	0.000000575233888
conference%1:14:00::	0.000000573406169106
match%1:18:00::	0.00000057
commission%1:14:01::	0.000000567698478336
mouth%1:08:01::	0.00000056366746522
machine%1:06:00::	0.000000546893385648
wind%1:19:00::	0.00000054679691484
restaurant%1:06:00::	0.00000054590650995
telephone%1:06:00::	0.000000544332025945
circumstance%1:26:02::	0.00000054368262
reader%1:18:02::	0.000000539962942324
progress%1:04:01::	0.000000539636118945
west%1:24:00::	0.00000052915104418
minister%1:18:02::	0.000000526183661565
soccer%1:04:00::	0.000000525422997264
foot%1:23:00::	0.000000521243703587
pupil%1:18:01::	0.000000521163479277
instruction%1:04:00::	0.000000515613191184
furniture%1:06:00::	0.0000005115
voice%1:18:00::	0.000000503968058136
fish%1:13:00::	0.000000503364610028
fish%1:05:00::	0.000000503364610028
train%1:06:00::	0.000000503224269035
population%1:14:00::	0.000000500131522162
employer%1:18:00::	0.00000049491524772
paper%1:27:00::	0.000000494865782894
interest%1:21:00::	0.000000490359693483
spirit%1:18:00::	0.00000048852521784
king%1:06:00::	0.000000485794533312
victim%1:18:00::	0.000000481957352446
mark%1:09:01::	0.00000048058875711
bus%1:06:00::	0.000000480242765907
wall%1:06:00::	0.0000004801515822
army%1:14:00::	0.000000470257700192
fee%1:21:00::	0.00000046975997952
mail%1:10:01::	0.0000004605748371
sentence%1:04:00::	0.000000459875272454
judgment%1:04:00::	0.000000459875272454
condition%1:10:01::	0.00000045361869948
hotel%1:06:00::	0.000000450005461608
order%1:26:02::	0.000000449407795798
boat%1:06:00::	0.000000445351741632
agent%1:18:02::	0.000000440552473274
south%1:24:00::	0.00000043428894552
ability%1:07:00::	0.000000432975729984
neighbour%1:18:00::	0.000000429157491765
interview%1:10:01::	0.00000042793872534
factory%1:06:00::	0.000000425201446476
plant%1:06:01::	0.000000425201446476
ticket%1:10:01::	0.00000041539693224
dish%1:06:01::	0.0000004144
reform%1:04:00::	0.000000410933835702
money%1:21:02::	0.000000407407313214
sport%1:04:00::	0.000000405926508
snow%1:19:00::	0.000000404462025005
spirit%1:26:01::	0.00000040115050486
spring%1:17:00::	0.000000396247473515
neighbourhood%1:15:00::	0.000000395541181504
director%1:18:01::	0.000000388838676937
tradition%1:09:02::	0.000000387607710152
east%1:24:00::	0.000000387590396886
meeting%1:04:00::	0.000000386362635868
player%1:18:00::	0.000000382169017254
error%1:04:02::	0.00000036961468708
brother%1:18:00::	0.000000365750849637
freedom%1:26:00::	0.000000364674739352
youth%1:28:00::	0.000000363746373045
tune%1:10:00::	0.000000361039047759
good%1:06:00::	0.00000035872837227
picture%1:10:02::	0.000000354074162752
faith%1:09:00::	0.000000345653818838
consumer%1:18:00::	0.000000345491374032
season%1:28:00::	0.000000344704739616
problem%1:10:00::	0.000000342163712979
method%1:09:00::	0.00000034038357044
crowd%1:14:00::	0.000000336717153936
pressure%1:19:00::	0.000000335647867282
gold%1:27:00::	0.000000335545246682
play%1:10:01::	0.000000334009580925
favourite%1:18:00::	0.000000330092510112
pension%1:21:00::	0.000000329080783807
injury%1:26:00::	0.00000032690852391
stone%1:17:00::	0.000000325052587796
statement%1:10:06::	0.000000322487543742
rack%1:06:01::	0.000000322181434385
danger%1:26:00::	0.00000031875155784
production%1:04:00::	0.00000031665934675
stake%1:21:00::	0.000000314760749212
period%1:28:00::	0.000000307007116563
loan%1:21:00::	0.00000030686750133
joy%1:12:00::	0.000000305733627876
club%1:14:00::	0.00000030528295647
coffee%1:13:00::	0.000000300120072174
award%1:21:00::	0.000000298497533164
railway%1:06:01::	0.00000029843812593
lake%1:17:00::	0.00000029823539005
wood%1:27:00::	0.000000296054337795
ceiling%1:06:00::	0.000000294972321664
roof%1:06:00::	0.000000294972321664
representative%1:18:00::	0.00000029474956576
will%1:09:00::	0.00000029328965129
prison%1:06:00::	0.000000292834378854
bridge%1:06:00::	0.00000029103115576
initiative%1:04:00::	0.000000290119930758
performance%1:04:01::	0.000000286791973152
wine%1:13:00::	0.000000286383100101
conflict%1:26:00::	0.000000282105707256
division%1:04:01::	0.00000028183599269
version%1:10:02::	0.000000278609013245
version%1:10:01::	0.000000278609013245
flavour%1:09:00::	0.000000276860962215
weight%1:23:00::	0.000000276126492015
sky%1:17:00::	0.00000027437745564
kitchen%1:06:00::	0.000000274375306093
test%1:10:00::	0.000000273775038007
generation%1:14:01::	0.000000271428569854
judge%1:18:00::	0.00000027051526161
dream%1:09:01::	0.00000026926172889
attack%1:04:00::	0.000000269248383516
investment%1:21:00::	0.000000268590693588
novel%1:10:00::	0.000000266887861472
gallon%1:23:01::	0.0000002622
card%1:06:00::	0.0000002609662005
harbour%1:15:00::	0.000000260604801795
butter%1:13:00::	0.000000257139027522
account%1:21:02::	0.000000254371987587
river%1:17:00::	0.000000253418774294
dream%1:12:00::	0.00000025328591673
aspect%1:09:00::	0.000000252078977096
musician%1:18:00::	0.000000250799906526
division%1:14:00::	0.000000249973792593
loss%1:21:01::	0.000000247833764304
hall%1:06:02::	0.00000024703538184
bird%1:05:00::	0.000000245516517342
practice%1:04:00::	0.00000024422061802
time%1:28:03::	0.00000024063464198
fear%1:12:00::	0.000000240393515585
poem%1:10:00::	0.000000239221047778
flag%1:06:00::	0.00000023868718398
title%1:26:00::	0.000000235530907887
bed%1:06:00::	0.000000235482747859
body%1:08:00::	0.000000235101378496
increase%1:07:00::	0.000000233922765615
voter%1:18:00::	0.000000232907861928
shoe%1:06:00::	0.000000232057205331
fire%1:22:00::	0.000000232020370064
memory%1:09:00::	0.00000023088097936
tip%1:15:00::	0.00000023050530855
ear%1:08:00::	0.000000230157183872
holiday%1:28:00::	0.000000229725828296
message%1:10:01::	0.000000229038231415
sister%1:18:00::	0.000000227109683822
rain%1:19:00::	0.000000226751656434
goalkeeper%1:18:00::	0.000000226084188015
detail%1:24:00::	0.00000022568892972
law%1:14:00::	0.000000224115443048
meat%1:13:01::	0.00000022258513991
exception%1:09:01::	0.000000218910843228
operation%1:04:00::	0.000000218381434905
feature%1:09:00::	0.000000217915445724
passage%1:08:00::	0.000000217375894627
officer%1:18:01::	0.00000021705071036
collection%1:14:00::	0.000000216918043232
eye%1:08:00::	0.00000021583079479
view%1:09:02::	0.000000212294006532
structure%1:06:00::	0.000000211680394752
glory%1:26:00::	0.000000207571337847
notion%1:09:00::	0.00000020635265626
concept%1:09:00::	0.00000020635265626
alcohol%1:13:00::	0.000000205726444681
blood%1:08:00::	0.000000204481511637
scene%1:10:00::	0.000000202643589832
scene%1:10:01::	0.000000202643589832
scene%1:26:01::	0.000000202643589832
cat%1:05:00::	0.00000020259172662
airport%1:06:00::	0.000000200448553968
membership%1:26:00::	0.000000197736078581
package%1:14:00::	0.000000197056972742
packet%1:06:00::	0.000000197056972742
provision%1:04:01::	0.000000196656566976
camera%1:06:00::	0.00000019645850214
medicine%1:06:00::	0.000000193888300125
world%1:17:00::	0.00000019113278844
tournament%1:11:00::	0.00000018945361039
nature%1:07:02::	0.000000186608197661
obstacle%1:06:00::	0.000000186230419025
floor%1:06:00::	0.00000018517386707
peace%1:12:00::	0.000000184853436435
length%1:07:02::	0.000000184837264335
length%1:07:01::	0.000000184837264335
participant%1:18:00::	0.000000183064965314
surprise%1:11:00::	0.000000180244600608
penalty%1:04:00::	0.000000177670489408
belly%1:08:00::	0.000000177425612784
information%1:10:00::	0.000000176722637988
bread%1:13:00::	0.000000176339378194
album%1:06:00::	0.000000174947522147
campaign%1:11:00::	0.00000017366183982
operation%1:04:02::	0.000000172788029847
lunch%1:13:00::	0.000000172253003706
farmer%1:18:00::	0.000000170535629741
claim%1:04:00::	0.000000168457021968
root%1:20:00::	0.000000167317970841
countryside%1:15:00::	0.000000165700912131
opera%1:10:00::	0.00000016454677707
garbage%1:27:00::	0.0000001642
glass%1:06:00::	0.000000163324675716
glass%1:27:00::	0.000000163324675716
estimate%1:09:00::	0.000000157420761344
top%1:15:02::	0.00000015731546136
knowledge%1:03:00::	0.000000156258316972
hall%1:06:03::	0.00000015619324386
federation%1:14:00::	0.000000155359551912
engine%1:06:00::	0.000000155024474085
tourist%1:18:00::	0.000000151425815385
format%1:10:00::	0.000000150547205271
human_body%1:08:00::	0.000000150495579806
theory%1:09:01::	0.000000150304291946
performer%1:18:00::	0.000000150134236646
bone%1:08:00::	0.000000149877088128
drug%1:06:00::	0.000000149061957172
festival%1:04:00::	0.00000014854624386
flower%1:20:00::	0.000000147723978082
address%1:15:00::	0.000000147570861404
speech%1:10:01::	0.000000146831470984
rate%1:07:00::	0.000000145722527405
support%1:21:00::	0.00000014564437043
text%1:10:02::	0.000000145633832089
title%1:10:02::	0.000000145342050984
passenger%1:18:00::	0.00000014464278881
expression%1:10:00::	0.000000144188377728
milk%1:13:01::	0.00000014417152789
coast%1:17:00::	0.000000142930355168
century%1:28:00::	0.00000014274307461
medal%1:10:00::	0.00000014162657457
promise%1:10:00::	0.000000141092100585
phenomenon%1:03:00::	0.00000014095028538
stable%1:06:00::	0.00000014023720998
schedule%1:10:00::	0.000000139812142834
point%1:09:01::	0.00000013977293968
finger%1:08:00::	0.000000137993227417
panel%1:14:01::	0.0000001365945225
orchestra%1:14:00::	0.000000135682607178
culture%1:14:00::	0.000000135580590309
referee%1:18:00::	0.000000134790281604
candle%1:06:00::	0.000000134376597461
silver%1:27:00::	0.000000131624868708
summit%1:14:00::	0.00000013146358008
shadow%1:26:01::	0.000000131105350497
aid%1:21:00::	0.000000130951707849
assessment%1:09:00::	0.000000130806102952
layer%1:15:00::	0.0000001305414702
importance%1:07:00::	0.000000127197229005
authority%1:18:01::	0.00000012651306624
field%1:15:00::	0.000000126349845025
transport%1:04:00::	0.00000012535085178
system%1:14:00::	0.000000123937086592
apparatus%1:06:00::	0.000000123220076184
sex%1:07:00::	0.000000120756415989
castle%1:06:00::	0.000000120736497002
prisoner%1:18:00::	0.000000119080228498
winner%1:18:00::	0.00000011853362137
soul%1:18:00::	0.00000011845601208
hope%1:12:00::	0.00000011748629961
salt%1:13:00::	0.000000117077838712
singer%1:18:00::	0.00000011691141544
husband%1:18:00::	0.000000116785086132
sleep%1:26:00::	0.00000011571964255
sulphur%1:27:00::	0.000000115414683456
level%1:06:01::	0.000000113875510386
god%1:18:01::	0.00000011357385705
licence%1:10:00::	0.000000111529605693
pensioner%1:18:00::	0.000000110902570494
personality%1:07:00::	0.00000011002429617
shot%1:04:00::	0.000000109662790866
gun%1:06:00::	0.000000109600355248
capital%1:21:00::	0.000000109046877533
document%1:10:00::	0.000000108936689616
education%1:09:00::	0.00000010846413644
seminar%1:04:00::	0.000000108305751975
region%1:15:01::	0.000000107526075525
passport%1:10:00::	0.000000107457602816
measure%1:06:00::	0.000000107194516182
potato%1:20:00::	0.000000106472619862
plant%1:03:00::	0.000000106320629298
indication%1:10:00::	0.000000105795707715
cafe%1:06:00::	0.000000105500627331
panel%1:06:00::	0.00000010470958964
party%1:14:00::	0.000000104705149862
